ComboCode,ComboName,Favoured,NewPrice,Support
"[151, 177]","['Butter Naan', 'CHILLY CHICKEN ']",LHFR,96.3,0.00290949487202
"[151, 166]","['Butter Naan', 'CHILLI PANEER']",LLFR,87.3,0.00288965740698
"[2, 179]","['Veg Petty', 'MIX JUICE']",LLFR,27.9,0.00189117166681
"[154, 140]","['Ice Cream Shake', 'Egg Rice']",HLFR,43.2,0.00176553438825
"[128, 159]","['Chese Toast', 'MYCAN']",HLFR,40.5,0.00138201006421
"[128, 140]","['Chese Toast', 'Egg Rice']",HLFR,45.9,0.00134233513413
"[18, 154]","['DAIRY MILK SILKY', 'Ice Cream Shake']",LHRF,69.3,0.0013224976691
"[132, 154]","['Onion Uttapam', 'Ice Cream Shake']",LHRF,38.7,0.00122331034392
"[18, 76]","['DAIRY MILK SILKY', 'COKE MIX 600 ML']",LHRF,79.2,0.00113734799542
"[128, 160]","['Chese Toast', 'BHELPURI']",HLFR,45.0,0.00112412301873
"[76, 140]","['COKE MIX 600 ML', 'Egg Rice']",HLFR,53.1,0.00111089804204
"[76, 100]","['COKE MIX 600 ML', 'DUKE WAFFY BISCUIT']",HLFR,61.2,0.00107122311197
"[128, 100]","['Chese Toast', 'DUKE WAFFY BISCUIT']",HLFR,54.0,0.00106461062362
"[154, 21]","['Ice Cream Shake', 'BOURNVILLE']",HLFR,46.8,0.00104477315859
"[128, 25]","['Chese Toast', 'CHCO PIE']",HLFR,31.5,0.00102493569355
"[25, 76]","['CHCO PIE', 'COKE MIX 600 ML']",LHRF,38.7,0.00101832320521
"[76, 178]","['COKE MIX 600 ML', 'CHI.PASTA']",HLFR,65.7,0.00101171071686
"[128, 132]","['Chese Toast', 'Onion Uttapam']",HLFR,41.4,0.00100509822851
"[18, 169]","['DAIRY MILK SILKY', 'PULPY ORANGE']",LHRF,72.0,0.00100509822851
"[128, 21]","['Chese Toast', 'BOURNVILLE']",HLFR,49.5,0.000998485740169
"[169, 140]","['PULPY ORANGE', 'Egg Rice']",HLFR,45.9,0.000991873251823
"[25, 154]","['CHCO PIE', 'Ice Cream Shake']",LHRF,28.8,0.000991873251823
"[160, 107]","['BHELPURI', 'BINOG CHIP @10']",LHRF,31.5,0.000972035786787
"[154, 157]","['Ice Cream Shake', 'SLICE 600ML']",HLFR,48.6,0.000972035786787
"[154, 178]","['Ice Cream Shake', 'CHI.PASTA']",HLFR,55.8,0.000958810810096
"[128, 163]","['Chese Toast', 'TROPICANA']",HLFR,40.5,0.000938973345059
"[25, 169]","['CHCO PIE', 'PULPY ORANGE']",LHRF,31.5,0.000925748368369
"[128, 157]","['Chese Toast', 'SLICE 600ML']",HLFR,51.3,0.000905910903332
"[169, 21]","['PULPY ORANGE', 'BOURNVILLE']",HLFR,49.5,0.000899298414987
"[132, 130]","['Onion Uttapam', 'Masala Dosa']",LHRF,37.8,0.00087946094995
"[76, 173]","['COKE MIX 600 ML', 'FUNGAMA']",HLFR,70.2,0.00087946094995
"[100, 154]","['DUKE WAFFY BISCUIT', 'Ice Cream Shake']",LHRF,51.3,0.000872848461605
"[128, 187]","['Chese Toast', 'CHIPS']",HLFR,36.0,0.000866235973259
"[100, 169]","['DUKE WAFFY BISCUIT', 'PULPY ORANGE']",LHRF,54.0,0.000853010996568
"[1, 128]","['Samosa', 'Chese Toast']",LHRF,28.8,0.000846398508223
"[128, 178]","['Chese Toast', 'CHI.PASTA']",HLFR,58.5,0.000833173531532
"[25, 107]","['CHCO PIE', 'BINOG CHIP @10']",LHRF,18.0,0.000813336066495
"[76, 21]","['COKE MIX 600 ML', 'BOURNVILLE']",HLFR,56.7,0.00080672357815
"[128, 18]","['Chese Toast', 'DAIRY MILK SILKY']",HLFR,72.0,0.000800111089804
"[18, 15]","['DAIRY MILK SILKY', 'DAIRY MILK@35']",LLRF,81.0,0.000786886113113
"[160, 154]","['BHELPURI', 'Ice Cream Shake']",LHRF,42.3,0.000786886113113
"[14, 154]","['5STAR', 'Ice Cream Shake']",LHRF,28.8,0.000786886113113
"[100, 107]","['DUKE WAFFY BISCUIT', 'BINOG CHIP @10']",LHRF,40.5,0.000780273624768
"[1, 154]","['Samosa', 'Ice Cream Shake']",LHRF,26.1,0.000760436159731
"[159, 154]","['MYCAN', 'Ice Cream Shake']",LHRF,37.8,0.000753823671386
"[160, 169]","['BHELPURI', 'PULPY ORANGE']",LHRF,45.0,0.000753823671386
"[151, 140]","['Butter Naan', 'Egg Rice']",LLFR,34.2,0.000727373718004
"[155, 140]","['PEPSI 600ML', 'Egg Rice']",LLFR,47.7,0.000720761229658
"[128, 14]","['Chese Toast', '5STAR']",HLFR,31.5,0.000720761229658
"[128, 173]","['Chese Toast', 'FUNGAMA']",HLFR,63.0,0.000714148741313
"[173, 154]","['FUNGAMA', 'Ice Cream Shake']",LHRF,60.3,0.000700923764622
"[14, 169]","['5STAR', 'PULPY ORANGE']",LHRF,31.5,0.000700923764622
"[1, 134]","['Samosa', 'Plain Maggi']",LLRF,19.8,0.000694311276276
"[76, 160]","['COKE MIX 600 ML', 'BHELPURI']",HLFR,52.2,0.000694311276276
"[130, 140]","['Masala Dosa', 'Egg Rice']",HLFR,42.3,0.000687698787931
"[128, 176]","['Chese Toast', 'OREO']",HLFR,49.5,0.000687698787931
"[25, 26]","['CHCO PIE', 'CAKE SANDWICH']",LLRF,13.5,0.00067447381124
"[76, 187]","['COKE MIX 600 ML', 'CHIPS']",HLFR,43.2,0.000661248834549
"[140, 134]","['Egg Rice', 'Plain Maggi']",LLRF,36.9,0.000648023857858
"[15, 21]","['DAIRY MILK@35', 'BOURNVILLE']",LLFR,58.5,0.000634798881167
"[20, 169]","['5*', 'PULPY ORANGE']",LHRF,45.0,0.000634798881167
"[76, 20]","['COKE MIX 600 ML', '5*']",HLFR,52.2,0.000628186392821
"[173, 169]","['FUNGAMA', 'PULPY ORANGE']",LHRF,63.0,0.000628186392821
"[169, 187]","['PULPY ORANGE', 'CHIPS']",HLFR,36.0,0.000614961416131
"[140, 156]","['Egg Rice', 'DEW MIX']",LHRF,50.4,0.000608348927785
"[132, 134]","['Onion Uttapam', 'Plain Maggi']",LLRF,32.4,0.000595123951094
"[154, 187]","['Ice Cream Shake', 'CHIPS']",HLFR,33.3,0.000588511462749
"[176, 154]","['OREO', 'Ice Cream Shake']",LHRF,46.8,0.000588511462749
"[154, 163]","['Ice Cream Shake', 'TROPICANA']",HLFR,37.8,0.000575286486058
"[148, 140]","['Tandury Chicken 1/2', 'Egg Rice']",HLFR,104.4,0.000575286486058
"[169, 178]","['PULPY ORANGE', 'CHI.PASTA']",HLFR,58.5,0.000575286486058
"[146, 140]","['Butter Chicken', 'Egg Rice']",HLFR,99.9,0.000562061509367
"[1, 142]","['Samosa', 'Chicken Sandwich']",LHRF,28.8,0.000562061509367
"[176, 169]","['OREO', 'PULPY ORANGE']",LHRF,49.5,0.000548836532676
"[1, 76]","['Samosa', 'COKE MIX 600 ML']",LHRF,36.0,0.000548836532676
"[142, 193]","['Chicken Sandwich', 'COKE CAN']",HLFR,38.7,0.00054222404433
"[128, 168]","['Chese Toast', 'BRT CAKES']",HLFR,46.8,0.00054222404433
"[100, 142]","['DUKE WAFFY BISCUIT', 'Chicken Sandwich']",LHRF,54.0,0.000535611555985
"[169, 157]","['PULPY ORANGE', 'SLICE 600ML']",HLFR,51.3,0.000522386579294
"[76, 14]","['COKE MIX 600 ML', '5STAR']",HLFR,38.7,0.000522386579294
"[107, 21]","['BINOG CHIP @10', 'BOURNVILLE']",HLFR,36.0,0.000515774090948
"[76, 50]","['COKE MIX 600 ML', 'BIS GD PISTA @20']",HLFR,47.7,0.000515774090948
"[176, 76]","['OREO', 'COKE MIX 600 ML']",LHRF,56.7,0.000515774090948
"[18, 21]","['DAIRY MILK SILKY', 'BOURNVILLE']",LLRR,76.5,0.000509161602603
"[164, 166]","['KADHAI PANEER', 'CHILLI PANEER']",HLFR,149.4,0.000502549114257
"[25, 134]","['CHCO PIE', 'Plain Maggi']",LLRF,22.5,0.000502549114257
"[108, 50]","['BINOG CHIP @20', 'BIS GD PISTA @20']",HLFR,36.0,0.000502549114257
"[157, 156]","['SLICE 600ML', 'DEW MIX']",LHRF,55.8,0.000495936625912
"[142, 178]","['Chicken Sandwich', 'CHI.PASTA']",HLFR,58.5,0.000495936625912
"[128, 20]","['Chese Toast', '5*']",HLFR,45.0,0.000489324137566
"[107, 14]","['BINOG CHIP @10', '5STAR']",HLFR,18.0,0.000489324137566
"[1, 169]","['Samosa', 'PULPY ORANGE']",LHRF,28.8,0.000489324137566
"[20, 154]","['5*', 'Ice Cream Shake']",LHRF,42.3,0.000482711649221
"[18, 107]","['DAIRY MILK SILKY', 'BINOG CHIP @10']",LHRF,58.5,0.000482711649221
"[128, 193]","['Chese Toast', 'COKE CAN']",HLFR,38.7,0.000476099160875
"[159, 107]","['MYCAN', 'BINOG CHIP @10']",LHRF,27.0,0.000476099160875
"[167, 154]","['LITTLE HEARTS', 'Ice Cream Shake']",LHRF,28.8,0.000476099160875
"[123, 179]","['Pastry', 'MIX JUICE']",LLFR,27.9,0.00046948667253
"[128, 105]","['Chese Toast', 'DARK FANTASY@25']",HLFR,45.0,0.000462874184184
"[133, 154]","['Mix Uttapam', 'Ice Cream Shake']",LHRF,38.7,0.000456261695839
"[19, 154]","['5* CRUNCHY', 'Ice Cream Shake']",LHRF,37.8,0.000456261695839
"[169, 193]","['PULPY ORANGE', 'COKE CAN']",HLFR,38.7,0.000449649207493
"[128, 46]","['Chese Toast', 'BOURBONE@18']",HLFR,38.7,0.000449649207493
"[128, 182]","['Chese Toast', 'RED BULL']",HLFR,108.0,0.000449649207493
"[151, 159]","['Butter Naan', 'MYCAN']",LLFR,28.8,0.000443036719148
"[139, 140]","['Veg Rice', 'Egg Rice']",LLFR,42.3,0.000443036719148
"[128, 19]","['Chese Toast', '5* CRUNCHY']",HLFR,40.5,0.000443036719148
"[142, 140]","['Chicken Sandwich', 'Egg Rice']",HLFR,45.9,0.000443036719148
"[107, 193]","['BINOG CHIP @10', 'COKE CAN']",HLFR,25.2,0.000443036719148
"[51, 107]","['BIS JAM TREAT @15', 'BINOG CHIP @10']",LHRF,22.5,0.000436424230802
"[128, 50]","['Chese Toast', 'BIS GD PISTA @20']",HLFR,40.5,0.000436424230802
"[169, 171]","['PULPY ORANGE', 'PULPY LEMON']",HLFR,40.5,0.000429811742457
"[132, 169]","['Onion Uttapam', 'PULPY ORANGE']",LHRF,41.4,0.000429811742457
"[168, 154]","['BRT CAKES', 'Ice Cream Shake']",LHRF,44.1,0.000429811742457
"[128, 51]","['Chese Toast', 'BIS JAM TREAT @15']",HLFR,36.0,0.000423199254111
"[128, 171]","['Chese Toast', 'PULPY LEMON']",HLFR,40.5,0.000423199254111
"[186, 142]","['CHI SOOP', 'Chicken Sandwich']",LHRF,38.7,0.000423199254111
"[25, 15]","['CHCO PIE', 'DAIRY MILK@35']",LLRF,40.5,0.000423199254111
"[159, 134]","['MYCAN', 'Plain Maggi']",LLRF,31.5,0.000416586765766
"[157, 134]","['SLICE 600ML', 'Plain Maggi']",LLRF,42.3,0.000416586765766
"[20, 15]","['5*', 'DAIRY MILK@35']",LLRF,54.0,0.00040997427742
"[178, 141]","['CHI.PASTA', 'Chicken Rice']",LLRF,72.0,0.00040997427742
"[154, 50]","['Ice Cream Shake', 'BIS GD PISTA @20']",HLFR,37.8,0.00040997427742
"[176, 107]","['OREO', 'BINOG CHIP @10']",LHRF,36.0,0.00040997427742
"[168, 107]","['BRT CAKES', 'BINOG CHIP @10']",LHRF,33.3,0.00040997427742
"[19, 169]","['5* CRUNCHY', 'PULPY ORANGE']",LHRF,40.5,0.00040997427742
"[12, 140]","['Pasta', 'Egg Rice']",HLFR,50.4,0.000403361789075
"[76, 157]","['COKE MIX 600 ML', 'SLICE 600ML']",HLFR,58.5,0.000396749300729
"[187, 134]","['CHIPS', 'Plain Maggi']",LLRF,27.0,0.000396749300729
"[100, 15]","['DUKE WAFFY BISCUIT', 'DAIRY MILK@35']",LLRF,63.0,0.000390136812384
"[20, 22]","['5*', 'SNICKERS SNACK ']",LLRF,36.0,0.000390136812384
"[151, 178]","['Butter Naan', 'CHI.PASTA']",LLFR,46.8,0.000383524324038
"[19, 76]","['5* CRUNCHY', 'COKE MIX 600 ML']",LHRF,47.7,0.000383524324038
"[76, 105]","['COKE MIX 600 ML', 'DARK FANTASY@25']",HLFR,52.2,0.000383524324038
"[131, 154]","['Onion Masala Dosa', 'Ice Cream Shake']",LHRF,38.7,0.000383524324038
"[2, 187]","['Veg Petty', 'CHIPS']",LLFR,20.7,0.000376911835693
"[128, 16]","['Chese Toast', 'PERK / DAIRY MILK']",HLFR,27.0,0.000376911835693
"[151, 157]","['Butter Naan', 'SLICE 600ML']",LLFR,39.6,0.000376911835693
"[20, 107]","['5*', 'BINOG CHIP @10']",LHRF,31.5,0.000370299347347
"[136, 154]","['Paneer Maggi', 'Ice Cream Shake']",LHRF,42.3,0.000370299347347
"[177, 141]","['CHILLY CHICKEN ', 'Chicken Rice']",HLRF,121.5,0.000370299347347
"[159, 12]","['MYCAN', 'Pasta']",LHRF,45.0,0.000370299347347
"[154, 105]","['Ice Cream Shake', 'DARK FANTASY@25']",HLFR,42.3,0.000370299347347
"[15, 14]","['DAIRY MILK@35', '5STAR']",LLFR,40.5,0.000370299347347
"[163, 134]","['TROPICANA', 'Plain Maggi']",LLRF,31.5,0.000363686859002
"[132, 76]","['Onion Uttapam', 'COKE MIX 600 ML']",LHRF,48.6,0.000363686859002
"[1, 130]","['Samosa', 'Masala Dosa']",LHRF,25.2,0.000363686859002
"[19, 107]","['5* CRUNCHY', 'BINOG CHIP @10']",LHRF,27.0,0.000357074370656
"[155, 157]","['PEPSI 600ML', 'SLICE 600ML']",LLFR,53.1,0.000357074370656
"[107, 140]","['BINOG CHIP @10', 'Egg Rice']",HLFR,32.4,0.000357074370656
"[159, 130]","['MYCAN', 'Masala Dosa']",LHRF,36.9,0.000357074370656
"[151, 193]","['Butter Naan', 'COKE CAN']",LLFR,27.0,0.000350461882311
"[155, 187]","['PEPSI 600ML', 'CHIPS']",LLFR,37.8,0.000350461882311
"[25, 22]","['CHCO PIE', 'SNICKERS SNACK ']",LLRF,22.5,0.000350461882311
"[154, 193]","['Ice Cream Shake', 'COKE CAN']",HLFR,36.0,0.000343849393965
"[46, 107]","['BOURBONE@18', 'BINOG CHIP @10']",LHRF,25.2,0.000343849393965
"[169, 50]","['PULPY ORANGE', 'BIS GD PISTA @20']",HLFR,40.5,0.000343849393965
"[18, 155]","['DAIRY MILK SILKY', 'PEPSI 600ML']",LLRF,73.8,0.000343849393965
"[154, 4]","['Ice Cream Shake', 'Veg Burger']",HLFR,38.7,0.000343849393965
"[173, 134]","['FUNGAMA', 'Plain Maggi']",LLRF,54.0,0.000343849393965
"[100, 108]","['DUKE WAFFY BISCUIT', 'BINOG CHIP @20']",LHRF,49.5,0.00033723690562
"[140, 135]","['Egg Rice', 'Fried Maggi']",LLRF,42.3,0.00033723690562
"[166, 154]","['CHILLI PANEER', 'Ice Cream Shake']",LHRF,96.3,0.00033723690562
"[21, 134]","['BOURNVILLE', 'Plain Maggi']",LLRF,40.5,0.00033723690562
"[178, 134]","['CHI.PASTA', 'Plain Maggi']",LLRF,49.5,0.000330624417274
"[76, 166]","['COKE MIX 600 ML', 'CHILLI PANEER']",HLFR,106.2,0.000330624417274
"[25, 156]","['CHCO PIE', 'DEW MIX']",LHRF,36.0,0.000330624417274
"[142, 21]","['Chicken Sandwich', 'BOURNVILLE']",HLFR,49.5,0.000330624417274
"[18, 22]","['DAIRY MILK SILKY', 'SNICKERS SNACK ']",LLRF,63.0,0.000330624417274
"[100, 134]","['DUKE WAFFY BISCUIT', 'Plain Maggi']",LLRF,45.0,0.000330624417274
"[142, 187]","['Chicken Sandwich', 'CHIPS']",HLFR,36.0,0.000330624417274
"[140, 141]","['Egg Rice', 'Chicken Rice']",LLRF,59.4,0.000324011928929
"[130, 157]","['Masala Dosa', 'SLICE 600ML']",HLFR,47.7,0.000324011928929
"[155, 14]","['PEPSI 600ML', '5STAR']",LLFR,33.3,0.000317399440583
"[107, 105]","['BINOG CHIP @10', 'DARK FANTASY@25']",HLFR,31.5,0.000317399440583
"[154, 171]","['Ice Cream Shake', 'PULPY LEMON']",HLFR,37.8,0.000317399440583
"[100, 26]","['DUKE WAFFY BISCUIT', 'CAKE SANDWICH']",LLRF,36.0,0.000310786952238
"[21, 22]","['BOURNVILLE', 'SNICKERS SNACK ']",LLRF,40.5,0.000310786952238
"[160, 155]","['BHELPURI', 'PEPSI 600ML']",LLRF,46.8,0.000310786952238
"[51, 154]","['BIS JAM TREAT @15', 'Ice Cream Shake']",LHRF,33.3,0.000310786952238
"[18, 142]","['DAIRY MILK SILKY', 'Chicken Sandwich']",LHRF,72.0,0.000304174463893
"[187, 22]","['CHIPS', 'SNICKERS SNACK ']",LLRF,27.0,0.000304174463893
"[159, 156]","['MYCAN', 'DEW MIX']",LHRF,45.0,0.000304174463893
"[160, 156]","['BHELPURI', 'DEW MIX']",LHRF,49.5,0.000304174463893
"[159, 124]","['MYCAN', 'Chese Burger']",LHRF,40.5,0.000304174463893
"[76, 193]","['COKE MIX 600 ML', 'COKE CAN']",HLFR,45.9,0.000297561975547
"[26, 173]","['CAKE SANDWICH', 'FUNGAMA']",LLFR,45.0,0.000297561975547
"[1, 107]","['Samosa', 'BINOG CHIP @10']",LHRF,15.3,0.000297561975547
"[160, 134]","['BHELPURI', 'Plain Maggi']",LLRF,36.0,0.000297561975547
"[128, 166]","['Chese Toast', 'CHILLI PANEER']",HLFR,99.0,0.000290949487202
"[74, 187]","['COKE CAN 300 ML', 'CHIPS']",LLFR,36.0,0.000290949487202
"[100, 2]","['DUKE WAFFY BISCUIT', 'Veg Petty']",LLRF,38.7,0.000290949487202
"[19, 15]","['5* CRUNCHY', 'DAIRY MILK@35']",LLRF,49.5,0.000290949487202
"[14, 134]","['5STAR', 'Plain Maggi']",LLRF,22.5,0.000290949487202
"[25, 155]","['CHCO PIE', 'PEPSI 600ML']",LLRF,33.3,0.000290949487202
"[187, 156]","['CHIPS', 'DEW MIX']",LHRF,40.5,0.000290949487202
"[173, 156]","['FUNGAMA', 'DEW MIX']",LHRF,67.5,0.000290949487202
"[46, 154]","['BOURBONE@18', 'Ice Cream Shake']",LHRF,36.0,0.000290949487202
"[173, 107]","['FUNGAMA', 'BINOG CHIP @10']",LHRF,49.5,0.000284336998856
"[128, 175]","['Chese Toast', 'BRT CAKES']",HLFR,38.7,0.000284336998856
"[25, 142]","['CHCO PIE', 'Chicken Sandwich']",LHRF,31.5,0.000284336998856
"[161, 140]","['SINGLE SCOOP', 'Egg Rice']",LLFR,34.2,0.000284336998856
"[154, 16]","['Ice Cream Shake', 'PERK / DAIRY MILK']",HLFR,24.3,0.000284336998856
"[25, 100]","['CHCO PIE', 'DUKE WAFFY BISCUIT']",LLRR,40.5,0.000284336998856
"[76, 168]","['COKE MIX 600 ML', 'BRT CAKES']",HLFR,54.0,0.000284336998856
"[128, 133]","['Chese Toast', 'Mix Uttapam']",HLFR,41.4,0.000277724510511
"[14, 156]","['5STAR', 'DEW MIX']",LHRF,36.0,0.000277724510511
"[25, 170]","['CHCO PIE', 'REAL ']",LHRF,27.0,0.000277724510511
"[159, 148]","['MYCAN', 'Tandury Chicken 1/2']",LHRF,99.0,0.000277724510511
"[139, 166]","['Veg Rice', 'CHILLI PANEER']",LLFR,95.4,0.000277724510511
"[100, 187]","['DUKE WAFFY BISCUIT', 'CHIPS']",LLRR,45.0,0.000277724510511
"[107, 50]","['BINOG CHIP @10', 'BIS GD PISTA @20']",HLFR,27.0,0.000277724510511
"[26, 160]","['CAKE SANDWICH', 'BHELPURI']",LLFR,27.0,0.000277724510511
"[176, 108]","['OREO', 'BINOG CHIP @20']",LHRF,45.0,0.000277724510511
"[160, 15]","['BHELPURI', 'DAIRY MILK@35']",LLRF,54.0,0.000271112022165
"[133, 130]","['Mix Uttapam', 'Masala Dosa']",LHRF,37.8,0.000271112022165
"[25, 108]","['CHCO PIE', 'BINOG CHIP @20']",LHRF,27.0,0.000271112022165
"[151, 180]","['Butter Naan', 'TANDOORI FULL']",LLFR,163.8,0.000271112022165
"[100, 74]","['DUKE WAFFY BISCUIT', 'COKE CAN 300 ML']",LLRF,54.0,0.000271112022165
"[108, 160]","['BINOG CHIP @20', 'BHELPURI']",HLFR,40.5,0.000271112022165
"[168, 169]","['BRT CAKES', 'PULPY ORANGE']",LHRF,46.8,0.000271112022165
"[173, 155]","['FUNGAMA', 'PEPSI 600ML']",LLRF,64.8,0.000271112022165
"[193, 134]","['COKE CAN', 'Plain Maggi']",LLRF,29.7,0.00026449953382
"[100, 93]","['DUKE WAFFY BISCUIT', 'MAZZA PET 600 ML']",LLRF,60.3,0.00026449953382
"[182, 154]","['RED BULL', 'Ice Cream Shake']",LHRF,105.3,0.00026449953382
"[25, 160]","['CHCO PIE', 'BHELPURI']",LLRR,31.5,0.00026449953382
"[2, 160]","['Veg Petty', 'BHELPURI']",LLFR,29.7,0.00026449953382
"[159, 2]","['MYCAN', 'Veg Petty']",LLRF,25.2,0.00026449953382
"[100, 173]","['DUKE WAFFY BISCUIT', 'FUNGAMA']",LLRR,72.0,0.00026449953382
"[108, 20]","['BINOG CHIP @20', '5*']",HLFR,40.5,0.00026449953382
"[159, 161]","['MYCAN', 'SINGLE SCOOP']",LLRF,28.8,0.00026449953382
"[169, 105]","['PULPY ORANGE', 'DARK FANTASY@25']",HLFR,45.0,0.00026449953382
"[128, 136]","['Chese Toast', 'Paneer Maggi']",HLFR,45.0,0.00026449953382
"[159, 169]","['MYCAN', 'PULPY ORANGE']",LHRF,40.5,0.000257887045474
"[128, 167]","['Chese Toast', 'LITTLE HEARTS']",HLFR,31.5,0.000257887045474
"[132, 135]","['Onion Uttapam', 'Fried Maggi']",LLRF,37.8,0.000257887045474
"[188, 179]","['SAMOSA CHAT', 'MIX JUICE']",LLFR,36.9,0.000257887045474
"[167, 107]","['LITTLE HEARTS', 'BINOG CHIP @10']",LHRF,18.0,0.000257887045474
"[164, 140]","['KADHAI PANEER', 'Egg Rice']",HLFR,96.3,0.000251274557129
"[159, 140]","['MYCAN', 'Egg Rice']",LLRR,41.4,0.000251274557129
"[51, 155]","['BIS JAM TREAT @15', 'PEPSI 600ML']",LLRF,37.8,0.000251274557129
"[18, 93]","['DAIRY MILK SILKY', 'MAZZA PET 600 ML']",LLRF,78.3,0.000251274557129
"[12, 178]","['Pasta', 'CHI.PASTA']",HLFR,63.0,0.000251274557129
"[151, 132]","['Butter Naan', 'Onion Uttapam']",LLFR,29.7,0.000244662068783
"[159, 138]","['MYCAN', 'Paneer Franky']",LHRF,37.8,0.000244662068783
"[163, 156]","['TROPICANA', 'DEW MIX']",LHRF,45.0,0.000244662068783
"[2, 193]","['Veg Petty', 'COKE CAN']",LLFR,23.4,0.000244662068783
"[128, 132, 154]","['Chese Toast', 'Onion Uttapam', 'Ice Cream Shake']",HLHFRF,63.4666666667,0.000244662068783
"[176, 22]","['OREO', 'SNICKERS SNACK ']",LLRF,40.5,0.000244662068783
"[100, 22]","['DUKE WAFFY BISCUIT', 'SNICKERS SNACK ']",LLRF,45.0,0.000244662068783
"[74, 140]","['COKE CAN 300 ML', 'Egg Rice']",LLFR,45.9,0.000244662068783
"[182, 76]","['RED BULL', 'COKE MIX 600 ML']",LHRF,115.2,0.000238049580438
"[25, 14]","['CHCO PIE', '5STAR']",LLRR,18.0,0.000238049580438
"[169, 190]","['PULPY ORANGE', 'OREO']",HLFR,36.0,0.000238049580438
"[19, 155]","['5* CRUNCHY', 'PEPSI 600ML']",LLRF,42.3,0.000238049580438
"[107, 48]","['BINOG CHIP @10', 'BIS GD CASHEW @10']",HLFR,18.0,0.000238049580438
"[166, 169]","['CHILLI PANEER', 'PULPY ORANGE']",LHRF,99.0,0.000238049580438
"[107, 190]","['BINOG CHIP @10', 'OREO']",HLFR,22.5,0.000238049580438
"[151, 166, 154]","['Butter Naan', 'CHILLI PANEER', 'Ice Cream Shake']",LLHFRF,111.066666667,0.000238049580438
"[18, 156]","['DAIRY MILK SILKY', 'DEW MIX']",LHRF,76.5,0.000238049580438
"[176, 15]","['OREO', 'DAIRY MILK@35']",LLRF,58.5,0.000238049580438
"[151, 18]","['Butter Naan', 'DAIRY MILK SILKY']",LLFR,60.3,0.000238049580438
"[138, 160]","['Paneer Franky', 'BHELPURI']",HLFR,42.3,0.000238049580438
"[169, 163]","['PULPY ORANGE', 'TROPICANA']",HLFR,40.5,0.000231437092092
"[18, 25]","['DAIRY MILK SILKY', 'CHCO PIE']",LLRR,58.5,0.000231437092092
"[128, 190]","['Chese Toast', 'OREO']",HLFR,36.0,0.000231437092092
"[159, 155]","['MYCAN', 'PEPSI 600ML']",LLRF,42.3,0.000231437092092
"[107, 163]","['BINOG CHIP @10', 'TROPICANA']",HLFR,27.0,0.000231437092092
"[178, 156]","['CHI.PASTA', 'DEW MIX']",LHRF,63.0,0.000231437092092
"[21, 156]","['BOURNVILLE', 'DEW MIX']",LHRF,54.0,0.000231437092092
"[173, 15]","['FUNGAMA', 'DAIRY MILK@35']",LLRF,72.0,0.000231437092092
"[133, 134]","['Mix Uttapam', 'Plain Maggi']",LLRF,32.4,0.000231437092092
"[176, 134]","['OREO', 'Plain Maggi']",LLRF,40.5,0.000231437092092
"[132, 138]","['Onion Uttapam', 'Paneer Franky']",LHRF,38.7,0.000231437092092
"[131, 135]","['Onion Masala Dosa', 'Fried Maggi']",LLRF,37.8,0.000231437092092
"[108, 21]","['BINOG CHIP @20', 'BOURNVILLE']",HLFR,45.0,0.000224824603747
"[128, 131]","['Chese Toast', 'Onion Masala Dosa']",HLFR,41.4,0.000224824603747
"[12, 163]","['Pasta', 'TROPICANA']",HLFR,45.0,0.000224824603747
"[20, 142]","['5*', 'Chicken Sandwich']",LHRF,45.0,0.000224824603747
"[160, 22]","['BHELPURI', 'SNICKERS SNACK ']",LLRF,36.0,0.000224824603747
"[177, 139]","['CHILLY CHICKEN ', 'Veg Rice']",HLRF,104.4,0.000224824603747
"[25, 21]","['CHCO PIE', 'BOURNVILLE']",LLRR,36.0,0.000218212115401
"[146, 166]","['Butter Chicken', 'CHILLI PANEER']",HLFR,153.0,0.000218212115401
"[25, 74]","['CHCO PIE', 'COKE CAN 300 ML']",LLRF,31.5,0.000218212115401
"[159, 123]","['MYCAN', 'Pastry']",LLRF,25.2,0.000218212115401
"[76, 175]","['COKE MIX 600 ML', 'BRT CAKES']",HLFR,45.9,0.000218212115401
"[151, 163]","['Butter Naan', 'TROPICANA']",LLFR,28.8,0.000218212115401
"[25, 93]","['CHCO PIE', 'MAZZA PET 600 ML']",LLRF,37.8,0.000218212115401
"[18, 20]","['DAIRY MILK SILKY', '5*']",LLRR,72.0,0.000218212115401
"[146, 159]","['Butter Chicken', 'MYCAN']",HLFR,94.5,0.000218212115401
"[130, 187]","['Masala Dosa', 'CHIPS']",HLFR,32.4,0.000218212115401
"[25, 2]","['CHCO PIE', 'Veg Petty']",LLRF,16.2,0.000211599627056
"[18, 108]","['DAIRY MILK SILKY', 'BINOG CHIP @20']",LHRF,67.5,0.000211599627056
"[157, 135]","['SLICE 600ML', 'Fried Maggi']",LLRF,47.7,0.000211599627056
"[131, 130]","['Onion Masala Dosa', 'Masala Dosa']",LHRF,37.8,0.000211599627056
"[151, 166, 169]","['Butter Naan', 'CHILLI PANEER', 'PULPY ORANGE']",LLHFRF,113.866666667,0.000211599627056
"[159, 164]","['MYCAN', 'KADHAI PANEER']",LHRF,90.9,0.000211599627056
"[100, 160]","['DUKE WAFFY BISCUIT', 'BHELPURI']",LLRR,54.0,0.000211599627056
"[1, 135]","['Samosa', 'Fried Maggi']",LLRF,25.2,0.000211599627056
"[14, 22]","['5STAR', 'SNICKERS SNACK ']",LLRF,22.5,0.000211599627056
"[151, 25]","['Butter Naan', 'CHCO PIE']",LLFR,19.8,0.000211599627056
"[175, 22]","['BRT CAKES', 'SNICKERS SNACK ']",LLRF,29.7,0.00020498713871
"[2, 20]","['Veg Petty', '5*']",LLFR,29.7,0.00020498713871
"[100, 155]","['DUKE WAFFY BISCUIT', 'PEPSI 600ML']",LLRF,55.8,0.00020498713871
"[124, 140]","['Chese Burger', 'Egg Rice']",HLFR,45.9,0.00020498713871
"[138, 157]","['Paneer Franky', 'SLICE 600ML']",HLFR,48.6,0.00020498713871
"[12, 157]","['Pasta', 'SLICE 600ML']",HLFR,55.8,0.00020498713871
"[15, 187]","['DAIRY MILK@35', 'CHIPS']",LLFR,45.0,0.00020498713871
"[146, 193]","['Butter Chicken', 'COKE CAN']",HLFR,92.7,0.00020498713871
"[157, 148]","['SLICE 600ML', 'Tandury Chicken 1/2']",LHRF,109.8,0.00020498713871
"[93, 14]","['MAZZA PET 600 ML', '5STAR']",LLFR,37.8,0.00020498713871
"[25, 20]","['CHCO PIE', '5*']",LLRR,31.5,0.00020498713871
"[18, 26]","['DAIRY MILK SILKY', 'CAKE SANDWICH']",LLRF,54.0,0.00020498713871
"[155, 178]","['PEPSI 600ML', 'CHI.PASTA']",LLFR,60.3,0.00020498713871
"[134, 105]","['Plain Maggi', 'DARK FANTASY@25']",LLFR,36.0,0.000198374650365
"[142, 50]","['Chicken Sandwich', 'BIS GD PISTA @20']",HLFR,40.5,0.000198374650365
"[16, 134]","['PERK / DAIRY MILK', 'Plain Maggi']",LLRF,18.0,0.000198374650365
"[164, 157]","['KADHAI PANEER', 'SLICE 600ML']",HLFR,101.7,0.000198374650365
"[151, 159, 164]","['Butter Naan', 'MYCAN', 'KADHAI PANEER']",LLHFRF,105.466666667,0.000198374650365
"[123, 160]","['Pastry', 'BHELPURI']",LLFR,29.7,0.000198374650365
"[130, 193]","['Masala Dosa', 'COKE CAN']",HLFR,35.1,0.000198374650365
"[76, 51]","['COKE MIX 600 ML', 'BIS JAM TREAT @15']",HLFR,43.2,0.000198374650365
"[146, 178]","['Butter Chicken', 'CHI.PASTA']",HLFR,112.5,0.000198374650365
"[2, 163]","['Veg Petty', 'TROPICANA']",LLFR,25.2,0.000198374650365
"[154, 190]","['Ice Cream Shake', 'OREO']",HLFR,33.3,0.000198374650365
"[50, 134]","['BIS GD PISTA @20', 'Plain Maggi']",LLRF,31.5,0.000198374650365
"[124, 193]","['Chese Burger', 'COKE CAN']",HLFR,38.7,0.000198374650365
"[108, 175]","['BINOG CHIP @20', 'BRT CAKES']",HLFR,34.2,0.000198374650365
"[15, 193]","['DAIRY MILK@35', 'COKE CAN']",LLFR,47.7,0.000198374650365
"[176, 155]","['OREO', 'PEPSI 600ML']",LLRF,51.3,0.000198374650365
"[50, 22]","['BIS GD PISTA @20', 'SNICKERS SNACK ']",LLRF,31.5,0.000198374650365
"[130, 136]","['Masala Dosa', 'Paneer Maggi']",HLFR,41.4,0.000198374650365
"[22, 105]","['SNICKERS SNACK ', 'DARK FANTASY@25']",LLFR,36.0,0.000198374650365
"[176, 26]","['OREO', 'CAKE SANDWICH']",LLRF,31.5,0.000191762162019
"[18, 14]","['DAIRY MILK SILKY', '5STAR']",LLRR,58.5,0.000191762162019
"[74, 21]","['COKE CAN 300 ML', 'BOURNVILLE']",LLFR,49.5,0.000191762162019
"[176, 142]","['OREO', 'Chicken Sandwich']",LHRF,49.5,0.000191762162019
"[167, 21]","['LITTLE HEARTS', 'BOURNVILLE']",LLRR,36.0,0.000191762162019
"[159, 135]","['MYCAN', 'Fried Maggi']",LLRF,36.9,0.000191762162019
"[129, 132]","['Plain Dosa', 'Onion Uttapam']",LLFR,33.3,0.000191762162019
"[2, 21]","['Veg Petty', 'BOURNVILLE']",LLFR,34.2,0.000191762162019
"[182, 142]","['RED BULL', 'Chicken Sandwich']",LHRF,108.0,0.000191762162019
"[22, 157]","['SNICKERS SNACK ', 'SLICE 600ML']",LLFR,42.3,0.000191762162019
"[100, 175]","['DUKE WAFFY BISCUIT', 'BRT CAKES']",LLRR,47.7,0.000191762162019
"[19, 156]","['5* CRUNCHY', 'DEW MIX']",LHRF,45.0,0.000191762162019
"[168, 134]","['BRT CAKES', 'Plain Maggi']",LLRF,37.8,0.000191762162019
"[26, 187]","['CAKE SANDWICH', 'CHIPS']",LLFR,18.0,0.000191762162019
"[1, 151]","['Samosa', 'Butter Naan']",LLRF,17.1,0.000191762162019
"[128, 18, 154]","['Chese Toast', 'DAIRY MILK SILKY', 'Ice Cream Shake']",HLHFRF,95.2,0.000185149673674
"[148, 163]","['Tandury Chicken 1/2', 'TROPICANA']",HLFR,99.0,0.000185149673674
"[173, 22]","['FUNGAMA', 'SNICKERS SNACK ']",LLRF,54.0,0.000185149673674
"[100, 21]","['DUKE WAFFY BISCUIT', 'BOURNVILLE']",LLRR,58.5,0.000185149673674
"[45, 154]","['BIS 50-50 @10', 'Ice Cream Shake']",LHRF,28.8,0.000185149673674
"[21, 170]","['BOURNVILLE', 'REAL ']",LHRF,45.0,0.000185149673674
"[100, 156]","['DUKE WAFFY BISCUIT', 'DEW MIX']",LHRF,58.5,0.000185149673674
"[1, 2]","['Samosa', 'Veg Petty']",LLRF,13.5,0.000185149673674
"[18, 134]","['DAIRY MILK SILKY', 'Plain Maggi']",LLRF,63.0,0.000185149673674
"[151, 100]","['Butter Naan', 'DUKE WAFFY BISCUIT']",LLFR,42.3,0.000185149673674
"[51, 156]","['BIS JAM TREAT @15', 'DEW MIX']",LHRF,40.5,0.000185149673674
"[140, 163]","['Egg Rice', 'TROPICANA']",LLRR,41.4,0.000178537185328
"[161, 163]","['SINGLE SCOOP', 'TROPICANA']",LLFR,28.8,0.000178537185328
"[128, 25, 154]","['Chese Toast', 'CHCO PIE', 'Ice Cream Shake']",HLHFRF,53.2,0.000178537185328
"[129, 140]","['Plain Dosa', 'Egg Rice']",LLFR,37.8,0.000178537185328
"[45, 107]","['BIS 50-50 @10', 'BINOG CHIP @10']",LHRF,18.0,0.000178537185328
"[130, 21]","['Masala Dosa', 'BOURNVILLE']",HLFR,45.9,0.000178537185328
"[176, 100]","['OREO', 'DUKE WAFFY BISCUIT']",LLRR,58.5,0.000178537185328
"[25, 187]","['CHCO PIE', 'CHIPS']",LLRR,22.5,0.000178537185328
"[168, 142]","['BRT CAKES', 'Chicken Sandwich']",LHRF,46.8,0.000178537185328
"[100, 12]","['DUKE WAFFY BISCUIT', 'Pasta']",LHRF,58.5,0.000178537185328
"[138, 140]","['Paneer Franky', 'Egg Rice']",HLFR,43.2,0.000178537185328
"[155, 21]","['PEPSI 600ML', 'BOURNVILLE']",LLFR,51.3,0.000178537185328
"[167, 169]","['LITTLE HEARTS', 'PULPY ORANGE']",LHRF,31.5,0.000178537185328
"[160, 21]","['BHELPURI', 'BOURNVILLE']",LLRR,49.5,0.000178537185328
"[18, 141]","['DAIRY MILK SILKY', 'Chicken Rice']",LLRF,85.5,0.000178537185328
"[159, 139]","['MYCAN', 'Veg Rice']",LLRF,36.9,0.000178537185328
"[2, 168]","['Veg Petty', 'BRT CAKES']",LLFR,31.5,0.000178537185328
"[18, 130]","['DAIRY MILK SILKY', 'Masala Dosa']",LHRF,68.4,0.000178537185328
"[160, 170]","['BHELPURI', 'REAL ']",LHRF,40.5,0.000178537185328
"[2, 14]","['Veg Petty', '5STAR']",LLFR,16.2,0.000171924696983
"[50, 170]","['BIS GD PISTA @20', 'REAL ']",LHRF,36.0,0.000171924696983
"[93, 173]","['MAZZA PET 600 ML', 'FUNGAMA']",LLFR,69.3,0.000171924696983
"[25, 130]","['CHCO PIE', 'Masala Dosa']",LHRF,27.9,0.000171924696983
"[46, 76]","['BOURBONE@18', 'COKE MIX 600 ML']",LHRF,45.9,0.000171924696983
"[193, 141]","['COKE CAN', 'Chicken Rice']",LLRF,52.2,0.000171924696983
"[132, 142]","['Onion Uttapam', 'Chicken Sandwich']",LHRF,41.4,0.000171924696983
"[176, 156]","['OREO', 'DEW MIX']",LHRF,54.0,0.000171924696983
"[175, 154]","['BRT CAKES', 'Ice Cream Shake']",LHRF,36.0,0.000171924696983
"[130, 14]","['Masala Dosa', '5STAR']",HLFR,27.9,0.000171924696983
"[130, 160]","['Masala Dosa', 'BHELPURI']",HLFR,41.4,0.000171924696983
"[166, 130]","['CHILLI PANEER', 'Masala Dosa']",LHRF,95.4,0.000171924696983
"[107, 157]","['BINOG CHIP @10', 'SLICE 600ML']",HLFR,37.8,0.000171924696983
"[46, 169]","['BOURBONE@18', 'PULPY ORANGE']",LHRF,38.7,0.000171924696983
"[167, 156]","['LITTLE HEARTS', 'DEW MIX']",LHRF,36.0,0.000171924696983
"[171, 134]","['PULPY LEMON', 'Plain Maggi']",LLRF,31.5,0.000171924696983
"[188, 187]","['SAMOSA CHAT', 'CHIPS']",LLFR,29.7,0.000171924696983
"[22, 140]","['SNICKERS SNACK ', 'Egg Rice']",LLFR,36.9,0.000171924696983
"[51, 161]","['BIS JAM TREAT @15', 'SINGLE SCOOP']",LLRF,24.3,0.000171924696983
"[182, 169]","['RED BULL', 'PULPY ORANGE']",LHRF,108.0,0.000171924696983
"[132, 12]","['Onion Uttapam', 'Pasta']",LHRF,45.9,0.000165312208637
"[26, 21]","['CAKE SANDWICH', 'BOURNVILLE']",LLFR,31.5,0.000165312208637
"[19, 108]","['5* CRUNCHY', 'BINOG CHIP @20']",LHRF,36.0,0.000165312208637
"[76, 180]","['COKE MIX 600 ML', 'TANDOORI FULL']",HLFR,182.7,0.000165312208637
"[159, 108]","['MYCAN', 'BINOG CHIP @20']",LHRF,36.0,0.000165312208637
"[46, 51]","['BOURBONE@18', 'BIS JAM TREAT @15']",LLRR,29.7,0.000165312208637
"[176, 21]","['OREO', 'BOURNVILLE']",LLRR,54.0,0.000165312208637
"[18, 160]","['DAIRY MILK SILKY', 'BHELPURI']",LLRR,72.0,0.000165312208637
"[100, 170]","['DUKE WAFFY BISCUIT', 'REAL ']",LHRF,49.5,0.000165312208637
"[15, 50]","['DAIRY MILK@35', 'BIS GD PISTA @20']",LLFR,49.5,0.000165312208637
"[100, 14]","['DUKE WAFFY BISCUIT', '5STAR']",LLRR,40.5,0.000165312208637
"[100, 138]","['DUKE WAFFY BISCUIT', 'Paneer Franky']",LHRF,51.3,0.000165312208637
"[100, 130]","['DUKE WAFFY BISCUIT', 'Masala Dosa']",LHRF,50.4,0.000165312208637
"[19, 134]","['5* CRUNCHY', 'Plain Maggi']",LLRF,31.5,0.000165312208637
"[1, 138]","['Samosa', 'Paneer Franky']",LHRF,26.1,0.000165312208637
"[131, 134]","['Onion Masala Dosa', 'Plain Maggi']",LLRF,32.4,0.000165312208637
"[18, 100]","['DAIRY MILK SILKY', 'DUKE WAFFY BISCUIT']",LLRR,81.0,0.000165312208637
"[195, 169]","['HOBNOBS', 'PULPY ORANGE']",LHRF,54.0,0.000165312208637
"[108, 140]","['BINOG CHIP @20', 'Egg Rice']",HLFR,41.4,0.000165312208637
"[76, 171]","['COKE MIX 600 ML', 'PULPY LEMON']",HLFR,47.7,0.000165312208637
"[15, 140]","['DAIRY MILK@35', 'Egg Rice']",LLFR,54.9,0.000165312208637
"[18, 170]","['DAIRY MILK SILKY', 'REAL ']",LHRF,67.5,0.000165312208637
"[178, 170]","['CHI.PASTA', 'REAL ']",LHRF,54.0,0.000165312208637
"[25, 123]","['CHCO PIE', 'Pastry']",LLRF,16.2,0.000165312208637
"[175, 169]","['BRT CAKES', 'PULPY ORANGE']",LHRF,38.7,0.000165312208637
"[108, 168]","['BINOG CHIP @20', 'BRT CAKES']",HLFR,42.3,0.000158699720292
"[20, 134]","['5*', 'Plain Maggi']",LLRF,36.0,0.000158699720292
"[1, 141]","['Samosa', 'Chicken Rice']",LLRF,42.3,0.000158699720292
"[76, 4]","['COKE MIX 600 ML', 'Veg Burger']",HLFR,48.6,0.000158699720292
"[14, 170]","['5STAR', 'REAL ']",LHRF,27.0,0.000158699720292
"[93, 21]","['MAZZA PET 600 ML', 'BOURNVILLE']",LLFR,55.8,0.000158699720292
"[177, 140]","['CHILLY CHICKEN ', 'Egg Rice']",HLRR,108.9,0.000158699720292
"[93, 140]","['MAZZA PET 600 ML', 'Egg Rice']",LLFR,52.2,0.000158699720292
"[18, 138]","['DAIRY MILK SILKY', 'Paneer Franky']",LHRF,69.3,0.000158699720292
"[46, 26]","['BOURBONE@18', 'CAKE SANDWICH']",LLRF,20.7,0.000158699720292
"[130, 178]","['Masala Dosa', 'CHI.PASTA']",HLFR,54.9,0.000158699720292
"[128, 45]","['Chese Toast', 'BIS 50-50 @10']",HLFR,31.5,0.000158699720292
"[12, 21]","['Pasta', 'BOURNVILLE']",HLFR,54.0,0.000158699720292
"[25, 173]","['CHCO PIE', 'FUNGAMA']",LLRR,49.5,0.000158699720292
"[128, 186]","['Chese Toast', 'CHI SOOP']",HLFR,38.7,0.000158699720292
"[26, 105]","['CAKE SANDWICH', 'DARK FANTASY@25']",LLFR,27.0,0.000158699720292
"[142, 14]","['Chicken Sandwich', '5STAR']",HLFR,31.5,0.000158699720292
"[19, 2]","['5* CRUNCHY', 'Veg Petty']",LLRF,25.2,0.000158699720292
"[132, 155]","['Onion Uttapam', 'PEPSI 600ML']",LLRF,43.2,0.000158699720292
"[76, 131]","['COKE MIX 600 ML', 'Onion Masala Dosa']",HLFR,48.6,0.000158699720292
"[151, 21]","['Butter Naan', 'BOURNVILLE']",LLFR,37.8,0.000158699720292
"[130, 163]","['Masala Dosa', 'TROPICANA']",HLFR,36.9,0.000158699720292
"[19, 26]","['5* CRUNCHY', 'CAKE SANDWICH']",LLRF,22.5,0.000158699720292
"[107, 178]","['BINOG CHIP @10', 'CHI.PASTA']",HLFR,45.0,0.000152087231946
"[175, 107]","['BRT CAKES', 'BINOG CHIP @10']",LHRF,25.2,0.000152087231946
"[108, 157]","['BINOG CHIP @20', 'SLICE 600ML']",HLFR,46.8,0.000152087231946
"[151, 166, 130]","['Butter Naan', 'CHILLI PANEER', 'Masala Dosa']",LLHFRF,110.133333333,0.000152087231946
"[93, 160]","['MAZZA PET 600 ML', 'BHELPURI']",LLFR,51.3,0.000152087231946
"[160, 50]","['BHELPURI', 'BIS GD PISTA @20']",LLRR,40.5,0.000152087231946
"[159, 170]","['MYCAN', 'REAL ']",LHRF,36.0,0.000152087231946
"[161, 157]","['SINGLE SCOOP', 'SLICE 600ML']",LLFR,39.6,0.000152087231946
"[26, 50]","['CAKE SANDWICH', 'BIS GD PISTA @20']",LLFR,22.5,0.000152087231946
"[155, 163]","['PEPSI 600ML', 'TROPICANA']",LLFR,42.3,0.000152087231946
"[186, 154]","['CHI SOOP', 'Ice Cream Shake']",LHRF,36.0,0.000152087231946
"[132, 156]","['Onion Uttapam', 'DEW MIX']",LHRF,45.9,0.000152087231946
"[168, 15]","['BRT CAKES', 'DAIRY MILK@35']",LLRF,55.8,0.000152087231946
"[15, 157]","['DAIRY MILK@35', 'SLICE 600ML']",LLFR,60.3,0.000152087231946
"[148, 178]","['Tandury Chicken 1/2', 'CHI.PASTA']",HLFR,117.0,0.000152087231946
"[160, 142]","['BHELPURI', 'Chicken Sandwich']",LHRF,45.0,0.000152087231946
"[138, 178]","['Paneer Franky', 'CHI.PASTA']",HLFR,55.8,0.000152087231946
"[18, 74]","['DAIRY MILK SILKY', 'COKE CAN 300 ML']",LLRF,72.0,0.000152087231946
"[25, 50]","['CHCO PIE', 'BIS GD PISTA @20']",LLRR,27.0,0.000152087231946
"[12, 160]","['Pasta', 'BHELPURI']",HLFR,49.5,0.000152087231946
"[123, 21]","['Pastry', 'BOURNVILLE']",LLFR,34.2,0.000152087231946
"[175, 2]","['BRT CAKES', 'Veg Petty']",LLRF,23.4,0.000152087231946
"[74, 178]","['COKE CAN 300 ML', 'CHI.PASTA']",LLFR,58.5,0.000145474743601
"[175, 134]","['BRT CAKES', 'Plain Maggi']",LLRF,29.7,0.000145474743601
"[187, 190]","['CHIPS', 'OREO']",LLRR,27.0,0.000145474743601
"[186, 134]","['CHI SOOP', 'Plain Maggi']",LLRF,29.7,0.000145474743601
"[146, 157]","['Butter Chicken', 'SLICE 600ML']",HLFR,105.3,0.000145474743601
"[151, 136]","['Butter Naan', 'Paneer Maggi']",LLFR,33.3,0.000145474743601
"[173, 142]","['FUNGAMA', 'Chicken Sandwich']",LHRF,63.0,0.000145474743601
"[19, 21]","['5* CRUNCHY', 'BOURNVILLE']",LLRR,45.0,0.000145474743601
"[176, 93]","['OREO', 'MAZZA PET 600 ML']",LLRF,55.8,0.000145474743601
"[160, 124]","['BHELPURI', 'Chese Burger']",LHRF,45.0,0.000145474743601
"[128, 184]","['Chese Toast', 'DAIRY MILK']",HLFR,45.0,0.000145474743601
"[100, 135]","['DUKE WAFFY BISCUIT', 'Fried Maggi']",LLRF,50.4,0.000145474743601
"[107, 16]","['BINOG CHIP @10', 'PERK / DAIRY MILK']",HLFR,13.5,0.000138862255255
"[132, 107]","['Onion Uttapam', 'BINOG CHIP @10']",LHRF,27.9,0.000138862255255
"[19, 100]","['5* CRUNCHY', 'DUKE WAFFY BISCUIT']",LLRR,49.5,0.000138862255255
"[1, 124]","['Samosa', 'Chese Burger']",LHRF,28.8,0.000138862255255
"[107, 171]","['BINOG CHIP @10', 'PULPY LEMON']",HLFR,27.0,0.000138862255255
"[108, 105]","['BINOG CHIP @20', 'DARK FANTASY@25']",HLFR,40.5,0.000138862255255
"[166, 156]","['CHILLI PANEER', 'DEW MIX']",LHRF,103.5,0.000138862255255
"[167, 168]","['LITTLE HEARTS', 'BRT CAKES']",LLRR,33.3,0.000138862255255
"[19, 25]","['5* CRUNCHY', 'CHCO PIE']",LLRR,27.0,0.000138862255255
"[76, 163]","['COKE MIX 600 ML', 'TROPICANA']",HLFR,47.7,0.000138862255255
"[50, 156]","['BIS GD PISTA @20', 'DEW MIX']",LHRF,45.0,0.000138862255255
"[26, 190]","['CAKE SANDWICH', 'OREO']",LLFR,18.0,0.000138862255255
"[190, 48]","['OREO', 'BIS GD CASHEW @10']",LLRR,22.5,0.000138862255255
"[138, 50]","['Paneer Franky', 'BIS GD PISTA @20']",HLFR,37.8,0.000138862255255
"[167, 161]","['LITTLE HEARTS', 'SINGLE SCOOP']",LLRF,19.8,0.000138862255255
"[25, 138]","['CHCO PIE', 'Paneer Franky']",LHRF,28.8,0.000138862255255
"[176, 170]","['OREO', 'REAL ']",LHRF,45.0,0.000138862255255
"[187, 170]","['CHIPS', 'REAL ']",LHRF,31.5,0.000138862255255
"[74, 160]","['COKE CAN 300 ML', 'BHELPURI']",LLFR,45.0,0.000138862255255
"[168, 160]","['BRT CAKES', 'BHELPURI']",LLRR,46.8,0.000138862255255
"[128, 98]","['Chese Toast', 'BIKANO NAMKEEN']",HLFR,31.5,0.000138862255255
"[177, 155]","['CHILLY CHICKEN ', 'PEPSI 600ML']",HLRF,109.8,0.000138862255255
"[26, 20]","['CAKE SANDWICH', '5*']",LLFR,27.0,0.000138862255255
"[138, 187]","['Paneer Franky', 'CHIPS']",HLFR,33.3,0.00013224976691
"[1, 193]","['Samosa', 'COKE CAN']",LLRR,22.5,0.00013224976691
"[15, 190]","['DAIRY MILK@35', 'OREO']",LLFR,45.0,0.00013224976691
"[51, 160]","['BIS JAM TREAT @15', 'BHELPURI']",LLRR,36.0,0.00013224976691
"[132, 170]","['Onion Uttapam', 'REAL ']",LHRF,36.9,0.00013224976691
"[169, 4]","['PULPY ORANGE', 'Veg Burger']",HLFR,41.4,0.00013224976691
"[188, 193]","['SAMOSA CHAT', 'COKE CAN']",LLFR,32.4,0.00013224976691
"[128, 160, 154]","['Chese Toast', 'BHELPURI', 'Ice Cream Shake']",HLHFRF,67.2,0.00013224976691
"[21, 135]","['BOURNVILLE', 'Fried Maggi']",LLRF,45.9,0.00013224976691
"[1, 129]","['Samosa', 'Plain Dosa']",LLRF,20.7,0.00013224976691
"[128, 25, 76]","['Chese Toast', 'CHCO PIE', 'COKE MIX 600 ML']",HLHFRF,63.4666666667,0.00013224976691
"[76, 136]","['COKE MIX 600 ML', 'Paneer Maggi']",HLFR,52.2,0.00013224976691
"[154, 157, 169]","['Ice Cream Shake', 'SLICE 600ML', 'PULPY ORANGE']",HLHFRF,73.7333333333,0.00013224976691
"[123, 163]","['Pastry', 'TROPICANA']",LLFR,25.2,0.00013224976691
"[46, 134]","['BOURBONE@18', 'Plain Maggi']",LLRF,29.7,0.00013224976691
"[176, 20]","['OREO', '5*']",LLRR,49.5,0.00013224976691
"[176, 25]","['OREO', 'CHCO PIE']",LLRR,36.0,0.00013224976691
"[15, 105]","['DAIRY MILK@35', 'DARK FANTASY@25']",LLFR,54.0,0.00013224976691
"[151, 173]","['Butter Naan', 'FUNGAMA']",LLFR,51.3,0.00013224976691
"[151, 14]","['Butter Naan', '5STAR']",LLFR,19.8,0.00013224976691
"[1, 93]","['Samosa', 'MAZZA PET 600 ML']",LLRF,35.1,0.00013224976691
"[108, 14]","['BINOG CHIP @20', '5STAR']",HLFR,27.0,0.00013224976691
"[18, 140]","['DAIRY MILK SILKY', 'Egg Rice']",LLRR,72.9,0.00013224976691
"[1, 108]","['Samosa', 'BINOG CHIP @20']",LHRF,24.3,0.00013224976691
"[193, 140]","['COKE CAN', 'Egg Rice']",LLRR,39.6,0.00013224976691
"[26, 14]","['CAKE SANDWICH', '5STAR']",LLFR,13.5,0.00013224976691
"[1, 25]","['Samosa', 'CHCO PIE']",LLRR,15.3,0.00013224976691
"[166, 155]","['CHILLI PANEER', 'PEPSI 600ML']",LLRF,100.8,0.00013224976691
"[159, 76]","['MYCAN', 'COKE MIX 600 ML']",LHRF,47.7,0.00013224976691
"[2, 152]","['Veg Petty', 'Banana Shake']",LLFR,20.7,0.00013224976691
"[100, 141]","['DUKE WAFFY BISCUIT', 'Chicken Rice']",LLRF,67.5,0.00013224976691
"[128, 48]","['Chese Toast', 'BIS GD CASHEW @10']",HLFR,31.5,0.000125637278564
"[182, 134]","['RED BULL', 'Plain Maggi']",LLRF,99.0,0.000125637278564
"[124, 187]","['Chese Burger', 'CHIPS']",HLFR,36.0,0.000125637278564
"[168, 156]","['BRT CAKES', 'DEW MIX']",LHRF,51.3,0.000125637278564
"[129, 157]","['Plain Dosa', 'SLICE 600ML']",LLFR,43.2,0.000125637278564
"[146, 18]","['Butter Chicken', 'DAIRY MILK SILKY']",HLFR,126.0,0.000125637278564
"[171, 156]","['PULPY LEMON', 'DEW MIX']",LHRF,45.0,0.000125637278564
"[18, 135]","['DAIRY MILK SILKY', 'Fried Maggi']",LLRF,68.4,0.000125637278564
"[16, 156]","['PERK / DAIRY MILK', 'DEW MIX']",LHRF,31.5,0.000125637278564
"[100, 124]","['DUKE WAFFY BISCUIT', 'Chese Burger']",LHRF,54.0,0.000125637278564
"[20, 160]","['5*', 'BHELPURI']",LLRR,45.0,0.000125637278564
"[18, 148]","['DAIRY MILK SILKY', 'Tandury Chicken 1/2']",LHRF,130.5,0.000125637278564
"[175, 15]","['BRT CAKES', 'DAIRY MILK@35']",LLRF,47.7,0.000125637278564
"[151, 131]","['Butter Naan', 'Onion Masala Dosa']",LLFR,29.7,0.000125637278564
"[130, 50]","['Masala Dosa', 'BIS GD PISTA @20']",HLFR,36.9,0.000125637278564
"[159, 22]","['MYCAN', 'SNICKERS SNACK ']",LLRF,31.5,0.000125637278564
"[164, 132]","['KADHAI PANEER', 'Onion Uttapam']",HLFR,91.8,0.000125637278564
"[159, 167]","['MYCAN', 'LITTLE HEARTS']",LLRR,27.0,0.000125637278564
"[100, 188]","['DUKE WAFFY BISCUIT', 'SAMOSA CHAT']",LLRF,47.7,0.000125637278564
"[100, 105]","['DUKE WAFFY BISCUIT', 'DARK FANTASY@25']",LLRR,54.0,0.000125637278564
"[164, 193]","['KADHAI PANEER', 'COKE CAN']",HLFR,89.1,0.000125637278564
"[177, 134]","['CHILLY CHICKEN ', 'Plain Maggi']",HLRF,99.0,0.000125637278564
"[151, 132, 164]","['Butter Naan', 'Onion Uttapam', 'KADHAI PANEER']",LLHFRF,106.4,0.000125637278564
"[46, 123]","['BOURBONE@18', 'Pastry']",LLRF,23.4,0.000125637278564
"[159, 157]","['MYCAN', 'SLICE 600ML']",LLRR,46.8,0.000125637278564
"[167, 50]","['LITTLE HEARTS', 'BIS GD PISTA @20']",LLRR,27.0,0.000125637278564
"[76, 167]","['COKE MIX 600 ML', 'LITTLE HEARTS']",HLFR,38.7,0.000125637278564
"[25, 135]","['CHCO PIE', 'Fried Maggi']",LLRF,27.9,0.000125637278564
"[18, 139]","['DAIRY MILK SILKY', 'Veg Rice']",LLRF,68.4,0.000125637278564
"[19, 18]","['5* CRUNCHY', 'DAIRY MILK SILKY']",LLRR,67.5,0.000125637278564
"[18, 2]","['DAIRY MILK SILKY', 'Veg Petty']",LLRF,56.7,0.000125637278564
"[139, 187]","['Veg Rice', 'CHIPS']",LLFR,32.4,0.000125637278564
"[25, 141]","['CHCO PIE', 'Chicken Rice']",LLRF,45.0,0.000125637278564
"[19, 22]","['5* CRUNCHY', 'SNICKERS SNACK ']",LLRF,31.5,0.000125637278564
"[1, 12]","['Samosa', 'Pasta']",LHRF,33.3,0.000125637278564
"[76, 190]","['COKE MIX 600 ML', 'OREO']",HLFR,43.2,0.000125637278564
"[128, 100, 154]","['Chese Toast', 'DUKE WAFFY BISCUIT', 'Ice Cream Shake']",HLHFRF,76.5333333333,0.000125637278564
"[138, 193]","['Paneer Franky', 'COKE CAN']",HLFR,36.0,0.000125637278564
"[108, 171]","['BINOG CHIP @20', 'PULPY LEMON']",HLFR,36.0,0.000125637278564
"[108, 179]","['BINOG CHIP @20', 'MIX JUICE']",HLFR,38.7,0.000125637278564
"[128, 18, 76]","['Chese Toast', 'DAIRY MILK SILKY', 'COKE MIX 600 ML']",HLHFRF,105.466666667,0.000125637278564
"[176, 18]","['OREO', 'DAIRY MILK SILKY']",LLRR,76.5,0.000125637278564
"[14, 193]","['5STAR', 'COKE CAN']",LLRR,25.2,0.000125637278564
"[14, 21]","['5STAR', 'BOURNVILLE']",LLRR,36.0,0.000125637278564
"[159, 16]","['MYCAN', 'PERK / DAIRY MILK']",LLRR,22.5,0.000119024790219
"[168, 155]","['BRT CAKES', 'PEPSI 600ML']",LLRF,48.6,0.000119024790219
"[76, 48]","['COKE MIX 600 ML', 'BIS GD CASHEW @10']",HLFR,38.7,0.000119024790219
"[76, 45]","['COKE MIX 600 ML', 'BIS 50-50 @10']",HLFR,38.7,0.000119024790219
"[138, 20]","['Paneer Franky', '5*']",HLFR,42.3,0.000119024790219
"[100, 139]","['DUKE WAFFY BISCUIT', 'Veg Rice']",LLRF,50.4,0.000119024790219
"[161, 16]","['SINGLE SCOOP', 'PERK / DAIRY MILK']",LLFR,15.3,0.000119024790219
"[176, 130]","['OREO', 'Masala Dosa']",LHRF,45.9,0.000119024790219
"[129, 160]","['Plain Dosa', 'BHELPURI']",LLFR,36.9,0.000119024790219
"[18, 124]","['DAIRY MILK SILKY', 'Chese Burger']",LHRF,72.0,0.000119024790219
"[107, 184]","['BINOG CHIP @10', 'DAIRY MILK']",HLFR,31.5,0.000119024790219
"[131, 169]","['Onion Masala Dosa', 'PULPY ORANGE']",LHRF,41.4,0.000119024790219
"[18, 157]","['DAIRY MILK SILKY', 'SLICE 600ML']",LLRR,78.3,0.000119024790219
"[154, 184]","['Ice Cream Shake', 'DAIRY MILK']",HLFR,42.3,0.000119024790219
"[93, 20]","['MAZZA PET 600 ML', '5*']",LLFR,51.3,0.000119024790219
"[132, 139]","['Onion Uttapam', 'Veg Rice']",LLRF,37.8,0.000119024790219
"[167, 134]","['LITTLE HEARTS', 'Plain Maggi']",LLRF,22.5,0.000119024790219
"[46, 108]","['BOURBONE@18', 'BINOG CHIP @20']",LHRF,34.2,0.000119024790219
"[108, 51]","['BINOG CHIP @20', 'BIS JAM TREAT @15']",HLFR,31.5,0.000119024790219
"[146, 132]","['Butter Chicken', 'Onion Uttapam']",HLFR,95.4,0.000119024790219
"[159, 15]","['MYCAN', 'DAIRY MILK@35']",LLRF,49.5,0.000119024790219
"[167, 51]","['LITTLE HEARTS', 'BIS JAM TREAT @15']",LLRR,22.5,0.000119024790219
"[76, 186]","['COKE MIX 600 ML', 'CHI SOOP']",HLFR,45.9,0.000119024790219
"[155, 105]","['PEPSI 600ML', 'DARK FANTASY@25']",LLFR,46.8,0.000119024790219
"[12, 173]","['Pasta', 'FUNGAMA']",HLFR,67.5,0.000119024790219
"[176, 2]","['OREO', 'Veg Petty']",LLRF,34.2,0.000119024790219
"[175, 187]","['BRT CAKES', 'CHIPS']",LLRR,29.7,0.000119024790219
"[164, 18]","['KADHAI PANEER', 'DAIRY MILK SILKY']",HLFR,122.4,0.000119024790219
"[128, 159, 154]","['Chese Toast', 'MYCAN', 'Ice Cream Shake']",HLHFRF,62.5333333333,0.000119024790219
"[136, 134]","['Paneer Maggi', 'Plain Maggi']",LLRF,36.0,0.000119024790219
"[160, 141]","['BHELPURI', 'Chicken Rice']",LLRF,58.5,0.000119024790219
"[182, 100]","['RED BULL', 'DUKE WAFFY BISCUIT']",LLRR,117.0,0.000119024790219
"[195, 76]","['HOBNOBS', 'COKE MIX 600 ML']",LHRF,61.2,0.000119024790219
"[25, 190]","['CHCO PIE', 'OREO']",LLRR,22.5,0.000119024790219
"[138, 168]","['Paneer Franky', 'BRT CAKES']",HLFR,44.1,0.000112412301873
"[160, 14]","['BHELPURI', '5STAR']",LLRR,31.5,0.000112412301873
"[136, 169]","['Paneer Maggi', 'PULPY ORANGE']",LHRF,45.0,0.000112412301873
"[159, 142]","['MYCAN', 'Chicken Sandwich']",LHRF,40.5,0.000112412301873
"[159, 141]","['MYCAN', 'Chicken Rice']",LLRF,54.0,0.000112412301873
"[142, 157]","['Chicken Sandwich', 'SLICE 600ML']",HLFR,51.3,0.000112412301873
"[51, 15]","['BIS JAM TREAT @15', 'DAIRY MILK@35']",LLRF,45.0,0.000112412301873
"[45, 134]","['BIS 50-50 @10', 'Plain Maggi']",LLRF,22.5,0.000112412301873
"[74, 14]","['COKE CAN 300 ML', '5STAR']",LLFR,31.5,0.000112412301873
"[151, 187]","['Butter Naan', 'CHIPS']",LLFR,24.3,0.000112412301873
"[130, 20]","['Masala Dosa', '5*']",HLFR,41.4,0.000112412301873
"[133, 76]","['Mix Uttapam', 'COKE MIX 600 ML']",LHRF,48.6,0.000112412301873
"[130, 173]","['Masala Dosa', 'FUNGAMA']",HLFR,59.4,0.000112412301873
"[133, 151]","['Mix Uttapam', 'Butter Naan']",LLRF,29.7,0.000112412301873
"[187, 141]","['CHIPS', 'Chicken Rice']",LLRF,49.5,0.000112412301873
"[1, 15]","['Samosa', 'DAIRY MILK@35']",LLRF,37.8,0.000112412301873
"[140, 170]","['Egg Rice', 'REAL ']",LHRF,41.4,0.000112412301873
"[2, 50]","['Veg Petty', 'BIS GD PISTA @20']",LLFR,25.2,0.000112412301873
"[167, 155]","['LITTLE HEARTS', 'PEPSI 600ML']",LLRF,33.3,0.000112412301873
"[175, 26]","['BRT CAKES', 'CAKE SANDWICH']",LLRF,20.7,0.000112412301873
"[20, 170]","['5*', 'REAL ']",LHRF,40.5,0.000112412301873
"[19, 170]","['5* CRUNCHY', 'REAL ']",LHRF,36.0,0.000112412301873
"[51, 169]","['BIS JAM TREAT @15', 'PULPY ORANGE']",LHRF,36.0,0.000112412301873
"[169, 184]","['PULPY ORANGE', 'DAIRY MILK']",HLFR,45.0,0.000112412301873
"[123, 187]","['Pastry', 'CHIPS']",LLFR,20.7,0.000112412301873
"[169, 179]","['PULPY ORANGE', 'MIX JUICE']",HLFR,43.2,0.000112412301873
"[19, 123]","['5* CRUNCHY', 'Pastry']",LLRF,25.2,0.000112412301873
"[123, 193]","['Pastry', 'COKE CAN']",LLFR,23.4,0.000112412301873
"[26, 168]","['CAKE SANDWICH', 'BRT CAKES']",LLFR,28.8,0.000112412301873
"[100, 20]","['DUKE WAFFY BISCUIT', '5*']",LLRR,54.0,0.000112412301873
"[132, 124]","['Onion Uttapam', 'Chese Burger']",LHRF,41.4,0.000112412301873
"[124, 136]","['Chese Burger', 'Paneer Maggi']",HLFR,45.0,0.000112412301873
"[100, 193]","['DUKE WAFFY BISCUIT', 'COKE CAN']",LLRR,47.7,0.000112412301873
"[176, 173]","['OREO', 'FUNGAMA']",LLRR,67.5,0.000112412301873
"[176, 50]","['OREO', 'BIS GD PISTA @20']",LLRR,45.0,0.000112412301873
"[166, 12]","['CHILLI PANEER', 'Pasta']",LHRF,103.5,0.000112412301873
"[107, 179]","['BINOG CHIP @10', 'MIX JUICE']",HLFR,29.7,0.000112412301873
"[26, 51]","['CAKE SANDWICH', 'BIS JAM TREAT @15']",LLFR,18.0,0.000112412301873
"[108, 163]","['BINOG CHIP @20', 'TROPICANA']",HLFR,36.0,0.000112412301873
"[25, 193]","['CHCO PIE', 'COKE CAN']",LLRR,25.2,0.000112412301873
"[22, 193]","['SNICKERS SNACK ', 'COKE CAN']",LLFR,29.7,0.000112412301873
"[188, 192]","['SAMOSA CHAT', 'DAHI BHALLA']",LLFR,34.2,0.000112412301873
"[182, 22]","['RED BULL', 'SNICKERS SNACK ']",LLRF,99.0,0.000112412301873
"[187, 179]","['CHIPS', 'MIX JUICE']",LLRR,34.2,0.000112412301873
"[167, 163]","['LITTLE HEARTS', 'TROPICANA']",LLRR,27.0,0.000112412301873
"[123, 140]","['Pastry', 'Egg Rice']",LLFR,30.6,0.000112412301873
"[100, 168]","['DUKE WAFFY BISCUIT', 'BRT CAKES']",LLRR,55.8,0.000112412301873
"[167, 160]","['LITTLE HEARTS', 'BHELPURI']",LLRR,31.5,0.000112412301873
"[151, 177, 141]","['Butter Naan', 'CHILLY CHICKEN ', 'Chicken Rice']",LHLFRF,137.2,0.000112412301873
"[74, 157]","['COKE CAN 300 ML', 'SLICE 600ML']",LLFR,51.3,0.000112412301873
"[18, 161]","['DAIRY MILK SILKY', 'SINGLE SCOOP']",LLRF,60.3,0.000112412301873
"[168, 124]","['BRT CAKES', 'Chese Burger']",LHRF,46.8,0.000112412301873
"[25, 157]","['CHCO PIE', 'SLICE 600ML']",LLRR,37.8,0.000112412301873
"[26, 157]","['CAKE SANDWICH', 'SLICE 600ML']",LLFR,33.3,0.000112412301873
"[159, 21]","['MYCAN', 'BOURNVILLE']",LLRR,45.0,0.000112412301873
"[76, 100, 154]","['COKE MIX 600 ML', 'DUKE WAFFY BISCUIT', 'Ice Cream Shake']",HLHFRF,84.0,0.000105799813528
"[124, 171]","['Chese Burger', 'PULPY LEMON']",HLFR,40.5,0.000105799813528
"[132, 74]","['Onion Uttapam', 'COKE CAN 300 ML']",LLRF,41.4,0.000105799813528
"[108, 167]","['BINOG CHIP @20', 'LITTLE HEARTS']",HLFR,27.0,0.000105799813528
"[26, 140]","['CAKE SANDWICH', 'Egg Rice']",LLFR,27.9,0.000105799813528
"[46, 2]","['BOURBONE@18', 'Veg Petty']",LLRF,23.4,0.000105799813528
"[108, 4]","['BINOG CHIP @20', 'Veg Burger']",HLFR,36.9,0.000105799813528
"[154, 140, 169]","['Ice Cream Shake', 'Egg Rice', 'PULPY ORANGE']",HLHFRF,68.1333333333,0.000105799813528
"[173, 141]","['FUNGAMA', 'Chicken Rice']",LLRF,76.5,0.000105799813528
"[46, 155]","['BOURBONE@18', 'PEPSI 600ML']",LLRF,40.5,0.000105799813528
"[25, 124]","['CHCO PIE', 'Chese Burger']",LHRF,31.5,0.000105799813528
"[139, 193]","['Veg Rice', 'COKE CAN']",LLFR,35.1,0.000105799813528
"[128, 132, 130]","['Chese Toast', 'Onion Uttapam', 'Masala Dosa']",HLHFRF,62.5333333333,0.000105799813528
"[20, 124]","['5*', 'Chese Burger']",LHRF,45.0,0.000105799813528
"[157, 140]","['SLICE 600ML', 'Egg Rice']",LLRR,52.2,0.000105799813528
"[20, 156]","['5*', 'DEW MIX']",LHRF,49.5,0.000105799813528
"[108, 48]","['BINOG CHIP @20', 'BIS GD CASHEW @10']",HLFR,27.0,0.000105799813528
"[167, 123]","['LITTLE HEARTS', 'Pastry']",LLRF,16.2,0.000105799813528
"[124, 14]","['Chese Burger', '5STAR']",HLFR,31.5,0.000105799813528
"[166, 148]","['CHILLI PANEER', 'Tandury Chicken 1/2']",LHRF,157.5,0.000105799813528
"[168, 22]","['BRT CAKES', 'SNICKERS SNACK ']",LLRF,37.8,0.000105799813528
"[173, 135]","['FUNGAMA', 'Fried Maggi']",LLRF,59.4,0.000105799813528
"[15, 163]","['DAIRY MILK@35', 'TROPICANA']",LLFR,49.5,0.000105799813528
"[146, 132, 151]","['Butter Chicken', 'Onion Uttapam', 'Butter Naan']",HLLFRF,110.133333333,0.000105799813528
"[151, 166, 155]","['Butter Naan', 'CHILLI PANEER', 'PEPSI 600ML']",LLLFRF,115.733333333,0.000105799813528
"[1, 188]","['Samosa', 'SAMOSA CHAT']",LLRF,22.5,0.000105799813528
"[130, 105]","['Masala Dosa', 'DARK FANTASY@25']",HLFR,41.4,0.000105799813528
"[135, 178]","['Fried Maggi', 'CHI.PASTA']",LLFR,54.9,0.000105799813528
"[18, 105]","['DAIRY MILK SILKY', 'DARK FANTASY@25']",LLRR,72.0,0.000105799813528
"[159, 163]","['MYCAN', 'TROPICANA']",LLRR,36.0,0.000105799813528
"[20, 141]","['5*', 'Chicken Rice']",LLRF,58.5,0.000105799813528
"[22, 163]","['SNICKERS SNACK ', 'TROPICANA']",LLFR,31.5,0.000105799813528
"[76, 184]","['COKE MIX 600 ML', 'DAIRY MILK']",HLFR,52.2,0.000105799813528
"[22, 179]","['SNICKERS SNACK ', 'MIX JUICE']",LLFR,34.2,0.000105799813528
"[138, 163]","['Paneer Franky', 'TROPICANA']",HLFR,37.8,0.000105799813528
"[74, 173]","['COKE CAN 300 ML', 'FUNGAMA']",LLFR,63.0,0.000105799813528
"[100, 140]","['DUKE WAFFY BISCUIT', 'Egg Rice']",LLRR,54.9,0.000105799813528
"[2, 173]","['Veg Petty', 'FUNGAMA']",LLFR,47.7,0.000105799813528
"[173, 187]","['FUNGAMA', 'CHIPS']",LLRR,54.0,0.000105799813528
"[2, 171]","['Veg Petty', 'PULPY LEMON']",LLFR,25.2,0.000105799813528
"[151, 20]","['Butter Naan', '5*']",LLFR,33.3,0.000105799813528
"[176, 160]","['OREO', 'BHELPURI']",LLRR,49.5,0.000105799813528
"[187, 135]","['CHIPS', 'Fried Maggi']",LLRF,32.4,0.000105799813528
